{
  "overall_metrics": {
    "accuracy": 0.7794072902087263,
    "macro_f1": 0.5646166369653887,
    "weighted_f1": 0.7916058480607375
  },
  "per_class_metrics": {
    "%": {
      "precision": 0.37145969498910675,
      "recall": 0.775,
      "f1-score": 0.5022091310751104,
      "support": 440.0
    },
    "b": {
      "precision": 0.6666666666666666,
      "recall": 0.8864218616567037,
      "f1-score": 0.7609970674486803,
      "support": 2342.0
    },
    "fg": {
      "precision": 0.24067796610169492,
      "recall": 0.269449715370019,
      "f1-score": 0.25425246195165624,
      "support": 527.0
    },
    "fh": {
      "precision": 0.6868571428571428,
      "recall": 0.4906122448979592,
      "f1-score": 0.5723809523809524,
      "support": 1225.0
    },
    "h": {
      "precision": 0.1807465618860511,
      "recall": 0.5,
      "f1-score": 0.26551226551226553,
      "support": 184.0
    },
    "qh": {
      "precision": 0.25,
      "recall": 0.19444444444444445,
      "f1-score": 0.21875,
      "support": 36.0
    },
    "qo": {
      "precision": 0.375,
      "recall": 0.36,
      "f1-score": 0.3673469387755102,
      "support": 25.0
    },
    "qr": {
      "precision": 0.43548387096774194,
      "recall": 0.6923076923076923,
      "f1-score": 0.5346534653465347,
      "support": 39.0
    },
    "qrr": {
      "precision": 0.6415094339622641,
      "recall": 0.9315068493150684,
      "f1-score": 0.7597765363128491,
      "support": 73.0
    },
    "qw": {
      "precision": 0.7126099706744868,
      "recall": 0.8466898954703833,
      "f1-score": 0.7738853503184714,
      "support": 287.0
    },
    "qy": {
      "precision": 0.8968944099378882,
      "recall": 0.8957816377171216,
      "f1-score": 0.8963376784605835,
      "support": 806.0
    },
    "s": {
      "precision": 0.935879042048339,
      "recall": 0.8115609149200881,
      "f1-score": 0.8692977960020503,
      "support": 10449.0
    },
    "accuracy": 0.7794072902087263,
    "macro avg": {
      "precision": 0.5328153966742819,
      "recall": 0.6378146046749567,
      "f1-score": 0.5646166369653887,
      "support": 16433.0
    },
    "weighted avg": {
      "precision": 0.8224228917820705,
      "recall": 0.7794072902087263,
      "f1-score": 0.7916058480607375,
      "support": 16433.0
    }
  },
  "detailed_class_analysis": {
    "%": {
      "tp": 341,
      "fp": 577,
      "fn": 99,
      "tn": 15416,
      "precision": 0.37145969498910675,
      "recall": 0.775,
      "f1": 0.5022091310751104,
      "true_pct": 2.6775390981561493,
      "pred_pct": 5.5863202093348745,
      "diff_pct": 2.908781111178725
    },
    "b": {
      "tp": 2076,
      "fp": 1038,
      "fn": 266,
      "tn": 13053,
      "precision": 0.6666666666666666,
      "recall": 0.8864218616567037,
      "f1": 0.7609970674486803,
      "true_pct": 14.251810381549321,
      "pred_pct": 18.94967443558693,
      "diff_pct": 4.697864054037611
    },
    "fg": {
      "tp": 142,
      "fp": 448,
      "fn": 385,
      "tn": 15458,
      "precision": 0.24067796610169492,
      "recall": 0.269449715370019,
      "f1": 0.2542524619516562,
      "true_pct": 3.2069616016552063,
      "pred_pct": 3.5903365179821094,
      "diff_pct": 0.3833749163269031
    },
    "fh": {
      "tp": 601,
      "fp": 274,
      "fn": 624,
      "tn": 14934,
      "precision": 0.6868571428571428,
      "recall": 0.4906122448979592,
      "f1": 0.5723809523809523,
      "true_pct": 7.454512261912007,
      "pred_pct": 5.324651615651433,
      "diff_pct": -2.129860646260574
    },
    "h": {
      "tp": 92,
      "fp": 417,
      "fn": 92,
      "tn": 15832,
      "precision": 0.1807465618860511,
      "recall": 0.5,
      "f1": 0.26551226551226553,
      "true_pct": 1.1196981683198441,
      "pred_pct": 3.097425911276091,
      "diff_pct": 1.9777277429562468
    },
    "qh": {
      "tp": 7,
      "fp": 21,
      "fn": 29,
      "tn": 16376,
      "precision": 0.25,
      "recall": 0.19444444444444445,
      "f1": 0.21875000000000003,
      "true_pct": 0.2190713807582304,
      "pred_pct": 0.17038885170084586,
      "diff_pct": -0.048682529057384544
    },
    "qo": {
      "tp": 9,
      "fp": 15,
      "fn": 16,
      "tn": 16393,
      "precision": 0.375,
      "recall": 0.36,
      "f1": 0.3673469387755102,
      "true_pct": 0.15213290330432666,
      "pred_pct": 0.1460475871721536,
      "diff_pct": -0.0060853161321730576
    },
    "qr": {
      "tp": 27,
      "fp": 35,
      "fn": 12,
      "tn": 16359,
      "precision": 0.43548387096774194,
      "recall": 0.6923076923076923,
      "f1": 0.5346534653465347,
      "true_pct": 0.23732732915474958,
      "pred_pct": 0.3772896001947301,
      "diff_pct": 0.13996227103998055
    },
    "qrr": {
      "tp": 68,
      "fp": 38,
      "fn": 5,
      "tn": 16322,
      "precision": 0.6415094339622641,
      "recall": 0.9315068493150684,
      "f1": 0.759776536312849,
      "true_pct": 0.44422807764863387,
      "pred_pct": 0.6450435100103451,
      "diff_pct": 0.20081543236171123
    },
    "qw": {
      "tp": 243,
      "fp": 98,
      "fn": 44,
      "tn": 16048,
      "precision": 0.7126099706744868,
      "recall": 0.8466898954703833,
      "f1": 0.7738853503184714,
      "true_pct": 1.7464857299336702,
      "pred_pct": 2.0750928010710155,
      "diff_pct": 0.3286070711373452
    },
    "qy": {
      "tp": 722,
      "fp": 83,
      "fn": 84,
      "tn": 15544,
      "precision": 0.8968944099378882,
      "recall": 0.8957816377171216,
      "f1": 0.8963376784605834,
      "true_pct": 4.904764802531492,
      "pred_pct": 4.898679486399319,
      "diff_pct": -0.006085316132173446
    },
    "s": {
      "tp": 8480,
      "fp": 581,
      "fn": 1969,
      "tn": 5403,
      "precision": 0.935879042048339,
      "recall": 0.8115609149200881,
      "f1": 0.8692977960020504,
      "true_pct": 63.58546826507637,
      "pred_pct": 55.13904947362015,
      "diff_pct": -8.446418791456225
    }
  },
  "confusion_matrix": [
    [
      341,
      4,
      10,
      48,
      2,
      0,
      0,
      0,
      6,
      4,
      3,
      22
    ],
    [
      1,
      2076,
      2,
      18,
      9,
      0,
      0,
      0,
      0,
      0,
      0,
      236
    ],
    [
      60,
      93,
      142,
      71,
      27,
      1,
      2,
      2,
      0,
      3,
      14,
      112
    ],
    [
      130,
      84,
      41,
      601,
      158,
      4,
      1,
      0,
      12,
      9,
      14,
      171
    ],
    [
      1,
      6,
      8,
      48,
      92,
      0,
      0,
      1,
      0,
      3,
      3,
      22
    ],
    [
      0,
      0,
      1,
      0,
      0,
      7,
      0,
      1,
      1,
      18,
      8,
      0
    ],
    [
      0,
      0,
      0,
      0,
      0,
      1,
      9,
      2,
      0,
      5,
      7,
      1
    ],
    [
      0,
      0,
      2,
      0,
      0,
      0,
      1,
      27,
      3,
      1,
      3,
      2
    ],
    [
      0,
      0,
      0,
      0,
      0,
      0,
      0,
      4,
      68,
      0,
      0,
      1
    ],
    [
      3,
      0,
      1,
      0,
      1,
      14,
      5,
      1,
      3,
      243,
      14,
      2
    ],
    [
      5,
      0,
      4,
      0,
      0,
      1,
      5,
      10,
      3,
      44,
      722,
      12
    ],
    [
      377,
      851,
      379,
      89,
      220,
      0,
      1,
      14,
      10,
      11,
      17,
      8480
    ]
  ],
  "true_distribution": {
    "0": 440,
    "1": 2342,
    "2": 527,
    "3": 1225,
    "4": 184,
    "5": 36,
    "6": 25,
    "7": 39,
    "8": 73,
    "9": 287,
    "10": 806,
    "11": 10449
  },
  "pred_distribution": {
    "0": 918,
    "1": 3114,
    "2": 590,
    "3": 875,
    "4": 509,
    "5": 28,
    "6": 24,
    "7": 62,
    "8": 106,
    "9": 341,
    "10": 805,
    "11": 9061
  }
}